{
  "posts": [
    {
      "id": 1,
      "title": "json-server",
      "author": "typicode"
    }
  ],
  "comments": [
    {
      "id": 1,
      "body": "some comment",
      "postId": 1
    }
  ],
  "profile": {
    "name": "typicode"
  }
}

{
  "produtos": [
  {
  "id": 1,
  "descricao": "Rosa",
  "estoque": 10,
  "valor": 10,
  "imagem": "img/Red_rose.jpg"
  },
  {
  "id": 2,
  "descricao": "Girassol",
  "estoque": 10,
  "valor": 15,
  "imagem" : "img/Sunflower_sky_backdrop.jpg"
  },
  {
  "id": 3,
  "descricao": "Lirios",
  "estoque": 10,
  "valor": 5.25,
  "imagem" : "img/Lilium_rosthornii.jpg"
  }
  ]
 }
 